{"label": [1, 2, 3], "volume": [406143, 1070797, 58399], "bbox_volume": [2954655, 17260352, 348480], "sphericity": [0.19491747619629013, 0.13241629426084137, 0.4090009767534631], "surface_area": [136066.953125, 382249.96875, 17797.6796875], "convex_volume": [1452235, 6740359, 127268], "centroid": [[46, 63, 245], [63, 155, 211], [137, 101, 197]], "equivalent_diameter_area": [91.88122639899056, 126.93152791465076, 48.13588150546419], "euler_number": [-47, -193, 1], "extent": [0.13745868807018077, 0.062037958437927566, 0.1675820707070707], "axis_major_length": [176.18849136116353, 357.05658814129754, 77.96108213893633], "axis_minor_length": [106.44618283190717, 143.7228378636134, 43.78602510675163], "solidity": [0.27966754691905926, 0.15886349673659816, 0.45886632932080335]}